21742;San Cristobal;64.0;60.0;2;1.0;3;85000;0;0
21740;San Andres;94.0;54.0;2;2.0;1;144247;0;0
21738;Los Rosales;108.0;90.0;2;2.0;4;260000;0;0
21737;San Andres;126.0;114.0;4;2.0;3;195000;0;0
21736;San Andres;120.0;100.0;5;2.0;1;190000;0;0
21735;Villaverde;125.0;100.0;3;2.0;2;198500;0;0
21734;Villaverde;84.0;70.0;3;2.0;0;212000;0;0
21731;Villaverde;122.0;98.0;3;2.0;6;246900;0;0
21730;Los Rosales;123.0;104.0;3;2.0;4;195000;0;0
21729;Los Angeles;109.0;90.0;3;2.0;3;205000;0;0
21726;Villaverde;115.0;88.0;3;1.0;1;184900;0;0
21716;San Andres;75.0;68.0;3;1.0;3;138000;0;0
21715;Villaverde;112.0;83.0;4;2.0;2;280000;0;0
21714;Los Rosales;65.0;63.0;3;1.0;1;150000;1;0
21713;San Andres;70.0;63.0;2;1.0;3;145900;0;0
21709;Villaverde;72.0;66.0;2;1.0;3;138000;0;0
21708;Butarque;61.0;56.0;3;1.0;5;100000;0;0
21706;Villaverde;87.0;70.0;3;1.0;2;96000;1;0
21705;San Andres;60.0;1.0;2;1.0;0;154000;0;0
21700;Butarque;97.0;73.0;2;2.0;0;266122;0;1
21699;Butarque;93.0;70.0;2;2.0;7;228273;0;1
21697;Butarque;83.0;69.0;2;2.0;7;228273;0;0
21696;Los Rosales;45.0;41.0;2;1.0;1;85000;1;0
21692;Butarque;126.0;105.0;4;2.0;0;275000;0;0
21690;Villaverde;65.0;52.0;2;1.0;0;115000;0;0
21688;Villaverde;62.0;48.0;2;1.0;0;123000;0;0
21686;Butarque;112.0;80.0;3;2.0;3;289000;0;0
21662;Butarque;106.0;81.0;3;2.0;3;251569;0;1
21661;Butarque;103.0;79.0;3;2.0;3;235402;0;1
21660;Butarque;103.0;79.0;3;2.0;1;235172;0;1
21659;Butarque;103.0;79.0;3;2.0;5;236227;0;1
21658;Butarque;114.0;85.0;3;2.0;2;254710;0;1
21652;Villaverde;173.0;107.0;4;2.0;2;268000;0;0
21649;Los Rosales;125.0;87.0;3;2.0;1;210000;0;0
21645;San Andres;54.0;50.0;2;1.0;2;110000;0;0
21642;Los Rosales;65.0;52.0;2;1.0;3;106500;0;0
21641;Los Rosales;102.0;81.0;3;2.0;3;127500;0;0
21636;San Andres;54.0;50.0;2;1.0;3;89900;0;0
21627;Butarque;103.0;79.0;3;2.0;6;235718;0;1
21620;Butarque;106.0;81.0;3;2.0;4;256115;0;1
21619;Butarque;113.0;84.0;3;2.0;0;261989;0;1
21618;Butarque;115.0;86.0;3;2.0;1;273353;0;1
21617;Butarque;129.0;98.0;3;2.0;7;297621;0;1
21616;Butarque;115.0;89.0;3;2.0;6;279778;0;1
21610;San Andres;73.0;45.0;2;1.0;1;127500;0;0
21609;San Andres;122.0;90.0;3;2.0;0;179000;0;0
21608;Butarque;98.0;86.0;3;2.0;0;266122;0;0
21607;Butarque;97.0;83.0;3;2.0;0;261989;0;0
21606;Butarque;111.0;98.0;3;2.0;7;297621;0;0
21605;Butarque;99.0;86.0;3;2.0;3;251569;0;0
21604;Villaverde;77.0;66.0;3;1.0;1;113500;1;0
21603;San Andres;85.0;75.0;3;1.0;4;138000;0;0
21602;Butarque;90.0;73.0;3;2.0;2;225000;0;0
21601;Los Rosales;133.0;80.0;2;1.0;6;264000;0;0
21599;Butarque;133.0;101.0;3;3.0;7;275000;0;0
21585;Butarque;104.0;88.0;3;2.0;1;273352;0;0
21582;San Cristobal;74.0;69.0;3;1.0;1;100000;0;0
21580;San Andres;90.0;85.0;2;2.0;7;240000;0;0
21578;San Andres;49.0;44.0;2;1.0;0;84000;0;0
21577;Los Rosales;151.0;100.0;3;2.0;6;314000;0;0
21571;San Andres;136.0;92.0;3;2.0;5;230000;0;0
21569;San Andres;95.0;90.0;3;1.0;2;185000;0;0
21567;Los Rosales;43.0;35.0;1;1.0;0;84000;0;0
21555;Butarque;58.0;48.0;3;1.0;3;105000;0;0
21553;San Andres;82.0;73.0;3;1.0;4;120000;0;0
21551;Butarque;90.0;76.0;2;1.0;0;212000;0;0
21550;San Cristobal;95.0;87.0;2;2.0;5;184000;0;0
21545;San Andres;68.0;63.0;3;1.0;4;95000;1;0
21541;Butarque;91.0;77.0;2;2.0;5;228208;0;0
21538;San Andres;60.0;56.0;2;1.0;3;105000;0;0
21536;San Cristobal;60.0;50.0;2;1.0;5;73000;0;0
21534;Villaverde;136.0;76.0;3;1.0;1;135990;0;0
21532;Los Rosales;71.0;60.0;2;2.0;2;198000;0;0
21530;San Cristobal;65.0;60.0;2;1.0;2;110000;0;0
21529;Villaverde;93.0;87.0;3;1.0;9;160000;1;0
21528;San Andres;75.0;70.0;3;1.0;2;103000;0;0
21524;San Cristobal;63.0;60.0;2;1.0;2;82260;0;0
21523;Villaverde;72.0;67.0;3;1.0;6;139400;0;0
21521;San Andres;90.0;70.0;3;2.0;3;155000;0;0
21520;San Cristobal;66.0;60.0;3;1.0;2;88000;0;0
21513;Los Angeles;80.0;65.0;3;1.0;3;182000;0;0
21512;San Andres;120.0;85.0;3;2.0;2;295000;0;0
21511;Los Angeles;82.0;71.0;2;2.0;6;270000;0;0
21505;Villaverde;45.0;36.0;2;1.0;3;105000;0;0
21504;Los Rosales;95.0;85.0;3;1.0;2;130000;0;0
21500;Los Rosales;98.0;85.0;4;2.0;0;230000;0;0
21495;San Andres;120.0;110.0;3;1.0;2;180000;0;0
21491;Los Rosales;105.0;95.0;3;2.0;0;180000;0;0
21490;Villaverde;70.0;60.0;2;1.0;0;128000;0;0
21487;Villaverde;86.0;76.0;3;1.0;4;129000;0;0
21486;Villaverde;75.0;65.0;3;2.0;1;132000;0;0
21485;Villaverde;85.0;75.0;3;1.0;0;135000;0;0
21484;Villaverde;65.0;58.0;2;1.0;0;99000;0;0
21482;San Cristobal;68.0;62.0;3;1.0;2;88000;0;0
21480;San Andres;83.0;71.0;2;1.0;1;146000;0;0
21478;San Cristobal;30.0;27.0;1;1.0;0;59000;0;0
21475;Villaverde;153.0;102.0;4;2.0;1;178000;0;0
21474;Villaverde;86.0;76.0;3;1.0;4;129000;0;0
21473;San Cristobal;66.0;60.0;2;1.0;2;96000;0;0
21472;San Cristobal;63.0;58.0;3;1.0;4;82000;0;0
21470;Villaverde;95.0;90.0;3;1.0;0;199000;0;0
21462;Los Angeles;115.0;110.0;4;1.0;1;133000;0;0
21459;Villaverde;80.0;60.0;2;2.0;1;179990;0;0
21457;San Andres;89.0;60.0;2;2.0;1;228000;0;0
21456;San Cristobal;61.0;55.0;3;1.0;4;89000;0;0
21454;San Cristobal;68.0;60.0;3;1.0;2;94000;0;0
21452;Villaverde;70.0;68.0;3;1.0;2;90000;0;0
21450;Villaverde;57.0;55.0;3;1.0;5;96000;0;0
21449;San Andres;63.0;60.0;3;1.0;3;84000;0;0
21447;Los Rosales;125.0;76.0;3;2.0;1;210000;0;0
21443;Villaverde;80.0;72.0;3;1.0;1;95000;0;0
21442;Villaverde;66.0;60.0;3;1.0;1;93000;0;0
21441;San Andres;95.0;75.0;2;2.0;0;154500;0;0
21438;Villaverde;85.0;64.0;3;1.0;1;154900;0;0
21437;Los Angeles;80.0;74.0;2;1.0;3;115000;0;0
21436;Los Rosales;55.0;45.0;2;1.0;3;96000;0;0
21435;San Andres;60.0;50.0;0;1.0;0;85000;0;0
21434;San Cristobal;60.0;53.0;2;1.0;3;95000;0;0
21432;Villaverde;93.0;90.0;3;1.0;0;128500;0;0
21431;Villaverde;55.0;50.0;2;1.0;0;95000;0;0
21430;San Cristobal;82.0;70.0;3;1.0;3;83900;0;0
21429;Los Rosales;53.0;50.0;2;1.0;1;96000;0;0
21426;Los Rosales;70.0;55.0;2;1.0;1;202000;0;0
21425;Los Rosales;47.0;33.0;1;1.0;3;144000;0;0
21423;Los Rosales;50.0;40.0;2;1.0;3;105000;0;0
21421;Butarque;90.0;80.0;3;2.0;1;290000;0;0
21419;San Andres;70.0;65.0;2;1.0;0;75000;0;0
21418;San Andres;60.0;55.0;2;1.0;2;125000;0;0
21415;San Andres;55.0;50.0;2;1.0;3;96600;1;0
21411;Los Rosales;72.0;65.0;3;1.0;0;95000;1;0
21409;Los Rosales;75.0;73.0;2;2.0;0;195000;0;0
21408;San Andres;120.0;105.0;3;1.0;1;195000;0;0
21406;San Andres;95.0;84.0;2;1.0;2;122000;0;0
21402;Los Angeles;68.0;57.0;2;1.0;4;125000;0;0
21396;Los Angeles;125.0;116.0;4;2.0;0;173000;0;0
21393;Los Angeles;68.0;62.0;2;1.0;0;99900;0;0
21392;Villaverde;85.0;80.0;3;1.0;3;128000;1;0
21391;San Andres;75.0;70.0;3;1.0;3;120000;0;0
21390;Los Angeles;80.0;77.0;2;1.0;1;95000;0;0
21388;San Cristobal;69.0;67.0;4;1.0;3;85900;0;0
21382;Los Rosales;71.0;63.0;2;1.0;1;120000;0;0
21381;San Cristobal;76.0;70.0;3;1.0;2;110000;0;0
21378;San Cristobal;70.0;66.0;3;1.0;1;85000;1;0
21377;San Andres;80.0;60.0;3;1.0;0;100000;1;0
21371;San Andres;90.0;80.0;2;2.0;7;240000;0;0
21369;Los Angeles;105.0;90.0;3;2.0;2;135000;0;0
21368;Butarque;140.0;130.0;3;3.0;4;340000;1;0
21367;San Andres;112.0;99.0;3;2.0;1;230000;0;0
21362;Los Rosales;75.0;70.0;3;1.0;3;180000;0;0
21361;San Andres;72.0;70.0;3;1.0;2;130000;0;0
21358;San Andres;90.0;71.0;3;1.0;2;169000;0;0
21357;San Andres;78.0;60.0;2;1.0;3;168000;0;0
21356;San Andres;100.0;90.0;3;1.0;3;210000;0;0
21354;Villaverde;52.0;45.0;2;1.0;0;74800;1;0
21353;Villaverde;56.0;50.0;3;1.0;1;78000;1;0
21349;San Cristobal;75.0;65.0;3;1.0;4;155000;0;0
21348;Los Angeles;116.0;106.0;4;2.0;0;170000;1;0
21345;Butarque;81.0;72.0;3;1.0;2;139500;0;0
21343;San Cristobal;60.0;50.0;4;1.0;5;75000;1;0
21342;San Andres;50.0;47.0;2;1.0;3;123000;0;0
21340;San Andres;242.0;210.0;4;3.0;0;380000;0;0
21338;San Andres;50.0;49.0;2;1.0;2;140000;0;0
21336;Los Angeles;80.0;75.0;3;1.0;1;150000;0;0
21335;Los Rosales;65.0;50.0;2;1.0;0;110000;0;0
21334;San Andres;105.0;95.0;3;2.0;2;190000;0;0
21333;Los Angeles;100.0;90.0;3;1.0;0;142000;0;0
21330;San Andres;72.0;62.0;3;1.0;2;140000;0;0
21329;Villaverde;92.0;85.0;3;1.0;0;119000;0;0
21322;San Cristobal;60.0;58.0;3;1.0;1;105000;0;0
21320;San Andres;115.0;110.0;3;1.0;4;147000;0;0
21319;San Andres;55.0;50.0;2;1.0;3;95000;0;0
21318;Los Rosales;65.0;55.0;3;1.0;0;99500;1;0
21317;San Andres;118.0;90.0;3;2.0;0;179000;0;0
21315;San Andres;80.0;65.0;3;1.0;3;100000;1;0
21313;Los Rosales;81.0;77.0;3;1.0;2;139500;0;0
21311;Los Rosales;133.0;96.0;4;2.0;6;280000;0;0
21309;San Cristobal;63.0;60.0;2;1.0;1;102000;1;0
21307;San Cristobal;76.0;58.0;2;1.0;0;109492;0;0
21306;San Andres;115.0;110.0;3;1.0;4;148000;0;0
21305;San Cristobal;70.0;65.0;3;1.0;4;95000;0;0
21304;San Cristobal;71.0;62.0;3;1.0;5;100000;0;0
21303;San Cristobal;70.0;65.0;3;1.0;5;97000;0;0
21300;San Andres;60.0;50.0;2;1.0;3;95000;0;0
21298;San Andres;93.0;78.0;2;2.0;1;210000;0;0
21297;Butarque;80.0;62.0;2;2.0;1;250000;0;0
21296;Los Angeles;54.0;46.0;2;1.0;3;148000;0;0
21294;San Cristobal;68.0;65.0;3;1.0;1;88000;1;0
21293;Villaverde;75.0;65.0;3;1.0;2;120000;0;0
21291;San Andres;62.0;58.0;2;2.0;2;148000;0;0
21290;Villaverde;78.0;66.0;3;1.0;1;127000;0;0
21289;San Andres;83.0;78.0;3;1.0;3;155000;0;0
21286;Villaverde;66.0;54.0;2;1.0;0;95000;1;0
21285;San Andres;65.0;60.0;3;1.0;3;110000;1;0
21284;Los Angeles;65.0;62.0;2;1.0;8;125000;0;0
21282;San Andres;49.0;43.0;2;1.0;0;120000;0;0
21281;Los Rosales;100.0;80.0;3;2.0;4;210000;0;0
21278;San Cristobal;68.0;65.0;2;1.0;8;120000;0;0
21269;San Andres;89.0;71.0;3;2.0;4;174000;0;0
21267;San Andres;120.0;105.0;3;1.0;4;180000;1;0
21266;San Andres;101.0;80.0;2;2.0;0;245000;0;0
21264;Los Rosales;52.0;47.0;2;1.0;4;85000;0;0
21261;Villaverde;30.0;29.0;1;1.0;0;72000;0;0
21259;San Andres;65.0;61.0;3;1.0;3;109900;0;0
21256;San Andres;69.0;66.0;2;1.0;0;132000;0;0
21255;San Cristobal;65.0;61.0;3;1.0;0;120000;0;0
21244;Butarque;80.0;70.0;2;2.0;1;250000;0;0
21242;San Andres;67.0;60.0;3;1.0;1;150000;0;0
21238;Villaverde;66.0;62.0;2;1.0;1;116600;0;0
21236;Villaverde;85.0;60.0;2;2.0;3;180000;0;0
21233;Los Rosales;85.0;80.0;3;1.0;2;159000;0;0
21231;San Andres;160.0;70.0;2;1.0;5;260000;0;0
21229;San Andres;90.0;80.0;3;2.0;4;172000;0;0
21226;Butarque;89.0;75.0;3;2.0;5;235000;0;0
21225;Butarque;119.0;91.0;3;2.0;3;269000;0;0
21223;San Cristobal;120.0;111.0;4;2.0;1;173000;0;0
21222;Butarque;85.0;76.0;3;1.0;4;140200;0;0
21220;Los Rosales;116.0;82.0;3;2.0;5;295000;0;0
21216;Los Angeles;95.0;84.0;4;1.0;0;175000;0;0
21214;San Andres;70.0;56.0;2;1.0;3;146750;0;0
21211;Los Rosales;274.0;244.0;8;3.0;0;495000;0;0
21202;Villaverde;89.0;65.0;2;2.0;3;144801;0;0
21199;San Cristobal;66.0;59.0;3;1.0;2;88000;0;0
21197;Villaverde;98.0;78.0;3;2.0;4;219000;0;0
21195;Villaverde;98.0;78.0;3;2.0;4;219000;0;0
21191;San Andres;95.0;88.0;2;2.0;0;154500;0;0
21189;Los Angeles;72.0;68.0;2;1.0;3;139000;0;0
21188;San Cristobal;60.0;55.0;3;1.0;6;66000;1;0
21187;San Cristobal;60.0;57.0;2;1.0;5;70000;0;0
21185;San Andres;90.0;85.0;3;1.0;2;190000;0;0
21184;San Andres;61.0;57.0;2;1.0;2;93000;0;0
21175;Los Rosales;68.0;60.0;2;1.0;1;164000;0;0
21170;Butarque;90.0;75.0;2;1.0;0;215000;0;0
21168;Butarque;110.0;85.0;2;2.0;3;225000;0;0
21166;Los Angeles;65.0;60.0;3;1.0;5;85000;1;0
21164;Villaverde;125.0;110.0;3;2.0;1;210000;0;0
21162;San Andres;110.0;100.0;4;1.0;3;199000;0;0
21161;Butarque;125.0;105.0;3;3.0;7;275000;0;0
21160;Los Rosales;93.0;74.0;3;1.0;2;125000;0;0
21159;Butarque;120.0;90.0;3;2.0;6;250000;0;0
21158;Butarque;78.0;62.0;2;1.0;1;198500;0;0
21153;Butarque;200.0;164.0;5;3.0;4;330000;0;0
21152;Villaverde;69.0;60.0;2;1.0;0;119000;0;0
21149;San Andres;65.0;61.0;3;1.0;3;99000;0;0
21144;Butarque;116.0;90.0;3;2.0;6;280000;0;0
21137;Los Rosales;75.0;60.0;2;1.0;1;125000;0;0
21135;Butarque;106.0;78.0;3;2.0;1;249500;0;0
21134;Butarque;65.0;55.0;3;1.0;0;124000;1;0
21133;Los Rosales;70.0;57.0;2;1.0;1;202000;0;0
21131;San Andres;90.0;70.0;3;2.0;2;179000;0;0
21128;Los Rosales;78.0;68.0;2;1.0;1;107900;0;0
21120;Los Rosales;98.0;80.0;2;2.0;4;257000;0;0
21119;Butarque;104.0;85.0;3;2.0;1;155000;1;0
21118;Los Rosales;125.0;76.0;3;2.0;1;210000;0;0
21117;Butarque;133.0;112.0;3;3.0;3;239000;0;0
21111;Butarque;162.0;137.0;4;2.0;4;345000;0;0
21110;Los Rosales;108.0;86.0;3;2.0;3;195000;0;0
21108;Los Angeles;60.0;56.0;1;1.0;0;123000;0;0
21106;Los Angeles;75.0;68.0;3;1.0;0;140000;0;0
21104;Los Angeles;67.0;45.0;1;1.0;2;104000;1;0
21103;San Andres;80.0;70.0;4;1.0;2;165000;0;0
21102;Los Angeles;100.0;92.0;3;1.0;4;178000;0;0
21101;Los Rosales;49.0;43.0;2;1.0;0;145000;0;0
21090;Los Rosales;99.0;72.0;3;2.0;1;229000;0;0
21089;Butarque;112.0;80.0;3;2.0;3;299000;0;0
21085;Butarque;103.0;79.0;3;2.0;3;235293;0;1
21084;Butarque;105.0;78.0;2;2.0;5;232695;0;1
21083;Butarque;105.0;79.0;3;2.0;5;235815;0;1
21082;Butarque;106.0;81.0;3;2.0;1;250356;0;1
21081;Butarque;105.0;79.0;3;2.0;6;235305;0;1
21080;Butarque;105.0;79.0;3;2.0;3;234990;0;1
21079;Butarque;103.0;79.0;3;2.0;2;235815;0;1
21078;Butarque;103.0;79.0;3;2.0;4;236227;0;1
21077;Butarque;105.0;79.0;3;2.0;4;234990;0;1
21076;Butarque;103.0;79.0;3;2.0;4;235293;0;1
21075;Butarque;114.0;85.0;3;2.0;3;253291;0;1
21074;Butarque;103.0;79.0;3;2.0;2;235172;0;1
21073;Butarque;106.0;81.0;3;2.0;2;252891;0;1
21072;Butarque;105.0;79.0;3;2.0;1;236154;0;1
21071;Butarque;103.0;80.0;3;2.0;1;236227;0;1
21070;Butarque;98.0;74.0;2;2.0;5;228208;0;1
21069;Butarque;105.0;79.0;3;2.0;2;235402;0;1
21052;San Andres;51.0;45.0;3;1.0;3;115000;0;0
21049;Los Angeles;73.0;68.0;3;1.0;0;115000;0;0
21047;Los Angeles;82.0;72.0;3;1.0;2;163000;0;0
21046;San Andres;95.0;81.0;3;1.0;1;177000;0;0
21045;Los Rosales;97.0;77.0;4;1.0;1;160000;0;0
21036;Villaverde;56.0;38.0;2;1.0;1;125900;0;0
21028;Los Rosales;64.0;51.0;2;1.0;3;112000;0;0
21024;Butarque;90.0;80.0;3;2.0;3;234990;0;0
21019;Villaverde;93.0;90.0;3;2.0;1;147000;0;0
21018;Villaverde;75.0;67.0;3;1.0;2;130000;0;0
21010;Los Angeles;100.0;85.0;3;2.0;4;185000;0;0
21009;San Andres;124.0;100.0;3;2.0;5;369000;0;0
21005;Los Angeles;59.0;47.0;3;1.0;2;90000;1;0
21004;San Andres;66.0;55.0;2;1.0;3;99000;1;0
21003;San Andres;95.0;75.0;2;2.0;0;145000;0;0
21002;Butarque;105.0;78.0;4;2.0;4;251650;0;0
21001;Villaverde;76.0;72.0;3;1.0;3;107300;0;0
21000;Villaverde;61.0;58.0;3;1.0;1;123000;0;0
20998;Los Rosales;63.0;57.0;2;1.0;3;127500;0;0
20994;Los Rosales;79.0;74.0;3;1.0;4;162000;0;0
20993;Butarque;105.0;72.0;3;2.0;1;238000;0;0
20990;San Cristobal;61.0;57.0;3;1.0;5;95000;0;0
20987;Villaverde;70.0;56.0;3;1.0;1;107000;0;0
20986;Villaverde;134.0;112.0;4;2.0;0;295000;0;0
20985;Villaverde;63.0;59.0;3;1.0;5;72000;1;0
20984;Villaverde;63.0;59.0;3;1.0;5;100000;0;0
20983;Villaverde;158.0;127.0;3;2.0;7;289900;0;0
20982;Los Angeles;78.0;65.0;3;1.0;0;129900;1;0
20981;Los Angeles;62.0;50.0;2;1.0;6;128000;0;0
20980;Butarque;112.0;102.0;4;2.0;6;380000;0;0
20978;San Andres;48.0;37.0;1;1.0;0;85000;0;0
20975;Butarque;119.0;91.0;3;2.0;3;269000;0;0
20974;Villaverde;84.0;70.0;3;2.0;1;225000;0;0
20971;Villaverde;89.0;79.0;3;2.0;4;199000;0;0
20970;Villaverde;89.0;77.0;3;2.0;0;262000;0;0
20969;Villaverde;85.0;68.0;3;1.0;3;149000;0;0
20967;Butarque;103.0;79.0;3;2.0;5;234927;0;1
20964;Casco Historico de Vicalvaro;108.0;86.0;3;2.0;4;360000;0;0
20963;Casco Historico de Vicalvaro;95.0;77.0;3;2.0;5;240000;0;0
20960;Casco Historico de Vicalvaro;60.0;56.0;2;1.0;4;137000;0;0
20958;Casco Historico de Vicalvaro;117.0;94.0;2;2.0;1;249000;0;0
20957;Los Berrocales;80.0;68.0;2;2.0;3;240000;0;0
20953;Los Berrocales;129.0;95.0;3;2.0;0;249000;0;1
20950;Casco Historico de Vicalvaro;63.0;54.0;3;1.0;2;138000;0;0
20949;Los Berrocales;166.0;137.0;4;3.0;0;442000;0;1
20948;Los Berrocales;167.0;136.0;4;3.0;0;446000;0;1
20947;Los Berrocales;173.0;143.0;4;3.0;0;440000;0;1
20941;Los Berrocales;105.0;74.0;2;2.0;0;248900;0;1
20932;Casco Historico de Vicalvaro;48.0;43.0;2;1.0;0;119900;0;0
20931;Casco Historico de Vicalvaro;62.0;55.0;2;1.0;1;130000;0;0
20929;Valdebernardo;86.0;76.0;2;2.0;1;250000;0;0
20928;Valdebernardo;78.0;57.0;2;2.0;0;210000;0;0
20927;Valdebernardo;137.0;110.0;3;2.0;0;545000;0;0
20922;Los Berrocales;102.0;88.0;3;2.0;5;289000;0;0
20915;Valdebernardo;95.0;77.0;2;2.0;6;269900;0;0
20914;Casco Historico de Vicalvaro;85.0;81.0;3;1.0;2;194000;0;0
20912;Casco Historico de Vicalvaro;130.0;102.0;4;2.0;5;455000;0;0
20908;Valdebernardo;108.0;90.0;3;3.0;4;329000;0;0
20907;Los Berrocales;96.0;70.0;2;2.0;0;279000;0;1
20905;Valdebernardo;126.0;100.0;3;2.0;1;317000;0;0
20904;Ambroz;80.0;69.0;3;1.0;0;145000;0;0
20901;Casco Historico de Vicalvaro;60.0;51.0;2;1.0;3;159000;0;0
20900;Casco Historico de Vicalvaro;120.0;110.0;4;1.0;2;239000;0;0
20899;Los Berrocales;87.0;75.0;2;2.0;3;245000;0;1
20898;Los Berrocales;54.0;41.0;1;1.0;3;170000;0;1
20897;Los Berrocales;102.0;83.0;3;2.0;1;255500;0;1
20896;Los Berrocales;116.0;92.0;3;2.0;4;293500;0;1
20895;Los Berrocales;127.0;111.0;3;3.0;0;323000;0;1
20894;Los Berrocales;122.0;93.0;2;2.0;0;236000;0;1
20893;Los Berrocales;154.0;125.0;3;2.0;0;299900;0;1
20892;Los Berrocales;97.0;84.0;2;2.0;1;238000;0;1
20887;Los Berrocales;100.0;76.0;3;2.0;5;243000;0;1
20884;Los Berrocales;105.0;80.0;3;2.0;1;229000;0;1
20883;Ambroz;59.0;55.0;2;1.0;0;90000;0;0
20882;Ambroz;100.0;80.0;3;2.0;1;269900;0;0
20881;Los Berrocales;177.0;119.0;4;3.0;9;360000;0;0
20877;Los Berrocales;96.0;70.0;2;2.0;0;269000;0;1
20876;Los Berrocales;125.0;93.0;3;2.0;0;353000;0;1
20875;Los Berrocales;106.0;74.0;2;2.0;0;249900;0;1
20872;Casco Historico de Vicalvaro;57.0;48.0;2;1.0;3;115000;0;0
20871;Casco Historico de Vicalvaro;51.0;45.0;2;1.0;3;110000;0;0
20870;Casco Historico de Vicalvaro;77.0;64.0;3;1.0;3;151300;0;0
20869;Casco Historico de Vicalvaro;63.0;53.0;3;1.0;3;145000;0;0
20868;Casco Historico de Vicalvaro;60.0;50.0;3;1.0;4;135000;0;0
20867;Casco Historico de Vicalvaro;95.0;80.0;3;2.0;0;225000;0;0
20865;Los Berrocales;149.0;124.0;4;3.0;0;334000;0;1
20864;Los Berrocales;149.0;127.0;4;3.0;0;343000;0;1
20862;Los Berrocales;248.0;225.0;4;3.0;0;348000;0;1
20850;Los Berrocales;105.0;74.0;2;2.0;0;223900;0;1
20849;Los Berrocales;64.0;47.0;1;1.0;0;166000;0;1
20848;Ambroz;61.0;55.0;3;1.0;2;130000;1;0
20847;Los Berrocales;100.0;86.0;3;2.0;7;198958;0;0
20844;Casco Historico de Vicalvaro;61.0;55.0;3;1.0;4;125000;1;0
20842;Valdebernardo;98.0;72.0;3;2.0;6;326000;0;0
20839;Los Berrocales;129.0;95.0;3;2.0;0;260000;0;1
20838;Valdebernardo;100.0;74.0;2;2.0;5;264000;0;0
20834;Ambroz;100.0;80.0;3;3.0;2;269900;0;0
20831;Los Berrocales;166.0;137.0;4;3.0;0;446000;0;1
20830;Los Berrocales;173.0;142.0;4;3.0;0;465000;0;1
20829;Los Berrocales;173.0;142.0;4;3.0;0;457000;0;1
20826;Los Berrocales;94.0;68.0;2;2.0;0;221000;0;1
20825;Los Berrocales;94.0;68.0;2;2.0;0;208000;0;1
20824;Los Berrocales;94.0;68.0;2;2.0;0;211000;0;1
20823;Los Berrocales;91.0;66.0;2;2.0;0;202000;0;1
20822;Los Berrocales;94.0;68.0;2;2.0;0;240000;0;1
20821;Los Berrocales;125.0;90.0;3;2.0;0;333000;0;1
20805;Los Berrocales;122.0;77.0;3;2.0;0;383500;0;1
20804;Los Berrocales;105.0;72.0;3;2.0;2;260000;0;1
20803;Los Berrocales;49.0;34.0;1;1.0;4;169500;0;1
20802;Los Berrocales;84.0;55.0;2;2.0;2;227000;0;1
20783;Valdebernardo;115.0;100.0;3;2.0;2;320000;0;0
20782;Valdebernardo;75.0;70.0;3;2.0;2;260000;0;0
20781;Casco Historico de Vicalvaro;65.0;59.0;2;1.0;0;139950;0;0
20777;Los Berrocales;125.0;90.0;3;2.0;0;354900;0;1
20776;Los Berrocales;127.0;91.0;3;2.0;0;281900;0;1
20775;Los Berrocales;125.0;87.0;3;2.0;0;402900;0;1
20774;Los Berrocales;125.0;90.0;3;2.0;0;268900;0;1
20773;Los Berrocales;105.0;74.0;2;2.0;0;287900;0;1
20772;Los Berrocales;125.0;92.0;3;2.0;0;391000;0;1
20771;Los Berrocales;124.0;93.0;3;2.0;0;369000;0;1
20770;Los Berrocales;97.0;70.0;2;2.0;0;301000;0;1
20769;Los Berrocales;97.0;70.0;2;2.0;0;299000;0;1
20768;Los Berrocales;125.0;92.0;3;2.0;0;395000;0;1
20767;Los Berrocales;101.0;74.0;2;2.0;0;336000;0;1
20766;Los Berrocales;125.0;92.0;3;2.0;0;386000;0;1
20765;Los Berrocales;121.0;89.0;3;2.0;0;380000;0;1
20764;Los Berrocales;125.0;93.0;3;2.0;0;381000;0;1
20763;Los Berrocales;96.0;70.0;2;2.0;0;319000;0;1
20762;Los Berrocales;101.0;74.0;2;2.0;0;335000;0;1
20761;Los Berrocales;125.0;92.0;3;2.0;0;393000;0;1
20760;Los Berrocales;121.0;90.0;3;2.0;0;382000;0;1
20759;Los Berrocales;97.0;70.0;2;2.0;0;290000;0;1
20758;Los Berrocales;101.0;74.0;2;2.0;0;324000;0;1
20757;Los Berrocales;125.0;92.0;3;2.0;0;389000;0;1
20756;Los Berrocales;96.0;70.0;2;2.0;0;320000;0;1
20755;Los Berrocales;97.0;70.0;2;2.0;0;296000;0;1
20754;Los Berrocales;122.0;89.0;3;2.0;0;367000;0;1
20753;Los Berrocales;111.0;79.0;2;2.0;0;272900;0;1
20752;Casco Historico de Vicalvaro;59.0;53.0;3;1.0;2;115000;1;0
20749;Los Berrocales;128.0;95.0;3;2.0;0;326000;0;1
20747;Ambroz;72.0;64.0;3;1.0;3;163000;0;0
20745;Los Berrocales;145.0;104.0;3;2.0;0;377000;0;1
20744;Los Berrocales;91.0;66.0;2;2.0;0;233000;0;1
20743;Los Berrocales;119.0;87.0;3;2.0;0;325000;0;1
20742;Ambroz;60.0;56.0;3;1.0;2;115000;1;0
20741;Ambroz;63.0;57.0;3;1.0;4;144500;1;0
20740;Valdebernardo;119.0;99.0;4;2.0;1;310000;0;0
20734;Ambroz;65.0;54.0;3;1.0;2;120000;0;0
20731;Ambroz;74.0;72.0;2;1.0;4;160000;0;0
20730;Ambroz;74.0;72.0;2;1.0;4;160000;0;0
20718;Casco Historico de Vicalvaro;52.0;45.0;2;1.0;4;119900;0;0
20716;Casco Historico de Vicalvaro;58.0;48.0;1;1.0;Semi-sótano exterior;130000;0;0
20713;Los Berrocales;84.0;61.0;2;2.0;2;219000;0;0
20712;Los Berrocales;84.0;61.0;2;2.0;2;240000;0;0
20711;Casco Historico de Vicalvaro;160.0;117.0;3;2.0;3;347000;0;0
20707;Casco Historico de Vicalvaro;57.0;56.0;2;1.0;1;138000;0;0
20705;Ambroz;63.0;48.0;2;1.0;5;118000;0;0
20700;Ambroz;69.0;62.0;3;1.0;0;126000;0;0
20699;Ambroz;125.0;80.0;3;1.0;3;225000;0;0
20697;Casco Historico de Vicalvaro;40.0;38.0;1;1.0;0;135000;0;0
20692;Casco Historico de Vicalvaro;110.0;100.0;4;2.0;1;260000;0;0
20691;Casco Historico de Vicalvaro;70.0;68.0;3;1.0;4;169900;0;0
20685;Casco Historico de Vicalvaro;62.0;52.0;2;1.0;4;98000;1;0
20684;Los Berrocales;130.0;98.0;4;2.0;6;410000;0;0
20683;Ambroz;65.0;55.0;3;1.0;3;145000;0;0
20681;Valdebernardo;100.0;74.0;2;2.0;5;264000;0;0
20679;Casco Historico de Vicalvaro;81.0;77.0;4;2.0;1;260000;0;0
20678;Ambroz;94.0;69.0;2;2.0;5;238000;0;0
20674;Casco Historico de Vicalvaro;61.0;55.0;3;1.0;4;125000;0;0
20672;Ambroz;62.0;60.0;2;1.0;0;93000;1;0
20671;Casco Historico de Vicalvaro;101.0;96.0;3;1.0;3;190000;1;0
20669;Valdebernardo;110.0;100.0;3;2.0;4;340000;0;0
20668;Casco Historico de Vicalvaro;50.0;40.0;1;1.0;1;220000;0;0
20667;Valdebernardo;105.0;90.0;3;2.0;4;335000;0;0
20665;Valdebernardo;110.0;100.0;3;2.0;0;285000;0;0
20657;Ambroz;55.0;48.0;3;1.0;3;147000;1;0
20656;Ambroz;60.0;45.0;3;2.0;1;125000;0;0
20641;Ambroz;60.0;57.0;2;1.0;4;110000;0;0
20625;Casco Historico de Vicalvaro;65.0;55.0;3;1.0;2;129000;1;0
20623;Ambroz;35.0;30.0;1;1.0;2;75000;0;0
20622;Los Berrocales;149.0;124.0;4;3.0;0;353000;0;1
20621;Los Berrocales;149.0;124.0;4;3.0;0;352000;0;1
20620;Los Berrocales;248.0;225.0;4;3.0;0;348000;0;1
20619;Los Berrocales;149.0;124.0;4;3.0;0;354000;0;1
20618;Los Berrocales;101.0;87.0;3;2.0;5;228543;0;0
20611;Los Berrocales;248.0;225.0;4;3.0;0;354100;0;1
20610;Los Berrocales;248.0;225.0;4;3.0;0;353000;0;1
20609;Los Berrocales;248.0;225.0;4;3.0;0;354000;0;1
20599;Ambroz;61.0;55.0;3;1.0;3;147000;0;0
20575;Valdebernardo;75.0;70.0;3;2.0;2;290000;0;0
20574;Casco Historico de Vicalvaro;313.0;294.0;4;3.0;0;600000;0;0
20564;Los Berrocales;115.0;81.0;3;2.0;2;265305;0;1
20563;Los Berrocales;124.0;89.0;3;2.0;4;283498;0;1
20562;Los Berrocales;124.0;88.0;3;2.0;3;281830;0;1
20561;Los Berrocales;117.0;84.0;3;2.0;1;246810;0;1
20560;Los Berrocales;117.0;84.0;3;2.0;2;246506;0;1
20559;Los Berrocales;117.0;84.0;3;2.0;1;246506;0;1
20558;Los Berrocales;117.0;84.0;3;2.0;3;270763;0;1
20557;Los Berrocales;116.0;82.0;3;2.0;1;242413;0;1
20548;Los Berrocales;78.0;62.0;2;2.0;0;171900;0;1
20547;Ambroz;57.0;53.0;3;1.0;0;94050;0;0
20546;Casco Historico de Vicalvaro;65.0;58.0;2;1.0;2;118000;0;0
20531;Los Berrocales;105.0;78.0;3;2.0;5;257720;0;1
20520;Valdebernardo;90.0;70.0;2;1.0;1;260000;0;0
20518;Casco Historico de Vicalvaro;56.0;54.0;1;1.0;Semi-sótano exterior;130000;0;0
20516;Casco Historico de Vicalvaro;85.0;81.0;3;1.0;2;194000;0;0
20515;Ambroz;52.0;50.0;2;1.0;0;140000;0;0
20511;Casco Historico de Vicalvaro;52.0;49.0;3;1.0;4;135000;1;0
20508;Casco Historico de Vicalvaro;88.0;87.0;3;2.0;3;290000;0;0
20503;Casco Historico de Vicalvaro;100.0;80.0;3;1.0;3;189900;0;0
20501;Ambroz;65.0;55.0;3;1.0;4;119900;0;0
20489;Los Berrocales;79.0;59.0;2;1.0;9;213900;0;1
20482;Los Berrocales;264.0;215.0;4;3.0;0;487300;0;1
20481;Los Berrocales;264.0;215.0;4;3.0;0;525100;0;1
20474;Vallecas;120.0;75.0;3;2.0;4;339700;0;0
20468;Vallecas;57.0;50.0;1;1.0;5;168000;0;0
20465;Vallecas;91.0;73.0;3;1.0;1;166000;0;0
20464;Vallecas;82.0;68.0;3;1.0;1;159900;0;0
20462;Vallecas;95.0;78.0;1;1.0;1;160800;1;0
20461;Vallecas;114.0;84.0;3;2.0;2;350000;0;0
20460;Vallecas;114.0;84.0;3;2.0;1;330000;0;0
20459;Vallecas;95.0;76.0;3;2.0;2;289300;0;0
20458;Santa Eugenia;119.0;107.0;3;2.0;3;310000;0;0
20456;Vallecas;128.0;86.0;3;2.0;3;250000;0;0
20453;Vallecas;60.0;50.0;1;1.0;5;185000;0;0
20452;Vallecas;75.0;68.0;3;1.0;2;152000;0;0
20451;Vallecas;196.0;148.0;2;2.0;9;365000;0;0
20450;Vallecas;65.0;55.0;2;1.0;2;118000;0;0
20448;Vallecas;98.0;78.0;3;2.0;1;240000;0;0
20447;Vallecas;152.0;93.0;3;2.0;6;249000;0;0
20444;Vallecas;77.0;62.0;2;1.0;1;239900;0;0
20443;Vallecas;118.0;95.0;4;2.0;5;305000;0;0
20442;Vallecas;39.0;33.0;1;1.0;3;163000;0;0
20440;Vallecas;32.0;30.0;1;1.0;0;75000;0;0
20437;Vallecas;99.0;89.0;2;2.0;2;295000;0;0
20436;Vallecas;88.0;76.0;3;2.0;1;232000;0;0
20435;Vallecas;37.0;32.0;1;1.0;7;178500;0;0
20433;Vallecas;110.0;80.0;3;2.0;8;320000;0;0
20432;Vallecas;69.0;57.0;2;1.0;2;179000;0;0
20431;Vallecas;83.0;72.0;2;1.0;3;154000;0;0
20430;Vallecas;87.0;71.0;2;2.0;2;195000;0;0
20429;Vallecas;88.0;70.0;3;2.0;3;189800;0;0
20428;Santa Eugenia;125.0;104.0;4;2.0;5;418000;0;0
20427;Santa Eugenia;106.0;85.0;4;2.0;1;184000;0;0
20426;Vallecas;82.0;71.0;3;1.0;2;139000;1;0
20424;Vallecas;44.0;38.0;1;1.0;1;133000;0;0
20422;Vallecas;180.0;140.0;3;3.0;7;440000;0;0
20421;Vallecas;95.0;85.0;2;2.0;5;257400;0;0
20420;Vallecas;48.0;42.0;0;1.0;4;105000;0;0
20412;Santa Eugenia;101.0;86.0;4;2.0;1;229000;0;0
20401;Vallecas;96.0;80.0;1;1.0;2;164000;0;0
20399;Vallecas;111.0;83.0;3;2.0;2;340000;0;0
20390;Santa Eugenia;93.0;87.0;3;1.0;2;199000;0;0
20388;Vallecas;52.0;47.0;1;1.0;3;167000;0;0
20386;Vallecas;102.0;81.0;2;2.0;1;259900;0;0
20385;Vallecas;93.0;75.0;2;2.0;2;269900;0;0
20384;Vallecas;126.0;95.0;3;2.0;5;310000;0;0
20382;Vallecas;70.0;60.0;1;1.0;0;210000;0;0
20381;Vallecas;70.0;56.0;3;1.0;3;127500;0;0
20378;Vallecas;189.0;151.0;4;2.0;0;367000;0;0
20376;Santa Eugenia;76.0;65.0;3;1.0;2;155000;0;0
20375;Vallecas;50.0;45.0;0;1.0;1;140000;0;0
20374;Vallecas;81.0;71.0;2;2.0;6;272000;0;0
20372;Vallecas;71.0;49.0;2;1.0;3;110000;0;0
20371;Vallecas;73.0;67.0;3;1.0;1;167000;0;0
20370;Vallecas;67.0;61.0;2;1.0;2;149700;0;0
20368;Vallecas;87.0;58.0;2;1.0;4;201999;0;0
20367;Vallecas;57.0;46.0;2;1.0;0;113500;1;0
20366;Vallecas;122.0;98.0;3;2.0;4;232100;0;0
20362;Santa Eugenia;128.0;90.0;3;2.0;3;255000;1;0
20360;Vallecas;80.0;70.0;2;2.0;7;273000;0;0
20352;Vallecas;67.0;61.0;3;1.0;5;101500;1;0
20349;Vallecas;350.0;330.0;4;3.0;0;660000;0;0
20347;Vallecas;72.0;65.0;2;1.0;1;103000;1;0
20345;Vallecas;90.0;84.0;2;1.0;4;247000;0;0
20344;Vallecas;60.0;50.0;1;1.0;1;200000;0;0
20343;Vallecas;77.0;65.0;2;1.0;3;243000;0;0
20342;Santa Eugenia;125.0;115.0;4;2.0;1;256000;0;0
20341;Vallecas;70.0;58.0;3;2.0;1;179000;0;0
20340;Vallecas;69.0;58.0;3;2.0;0;185000;0;0
20338;Vallecas;71.0;49.0;2;1.0;3;110000;0;0
20333;Vallecas;52.0;34.0;0;1.0;8;158000;0;0
20332;Vallecas;66.0;56.0;2;1.0;2;148600;0;0
20329;Vallecas;52.0;49.0;2;1.0;3;127500;0;0
20328;Vallecas;110.0;85.0;3;2.0;3;340000;0;0
20327;Vallecas;56.0;48.0;1;2.0;4;175000;0;0
20324;Vallecas;82.0;63.0;3;1.0;2;138000;0;0
20323;Santa Eugenia;93.0;87.0;3;2.0;8;230000;1;0
20321;Santa Eugenia;116.0;105.0;4;2.0;6;297000;0;0
20320;Santa Eugenia;120.0;110.0;3;2.0;6;255000;0;0
20318;Vallecas;55.0;54.0;1;1.0;4;135000;0;0
20313;Vallecas;95.0;80.0;2;1.0;5;310000;0;0
20311;Vallecas;132.0;95.0;3;2.0;3;355800;0;1
20309;Vallecas;127.0;92.0;3;2.0;0;482600;0;1
20308;Vallecas;134.0;97.0;3;2.0;1;362000;0;1
20303;Santa Eugenia;93.0;84.0;3;2.0;7;200000;0;0
20302;Santa Eugenia;119.0;90.0;4;2.0;4;320000;0;0
20300;Vallecas;126.0;75.0;3;2.0;7;425000;0;0
20297;Vallecas;300.0;240.0;4;4.0;0;468000;0;0
20296;Vallecas;54.0;45.0;1;1.0;1;160000;0;0
20295;Santa Eugenia;169.0;145.0;4;2.0;6;315000;1;0
20293;Vallecas;68.0;48.0;1;1.0;2;195000;0;0
20292;Vallecas;60.0;40.0;1;1.0;4;244000;0;0
20290;Vallecas;85.0;65.0;2;1.0;4;247000;0;0
20288;Santa Eugenia;135.0;122.0;4;2.0;2;249900;0;0
20282;Vallecas;117.0;102.0;3;2.0;3;320000;0;0
20275;Vallecas;82.0;72.0;3;1.0;2;170000;0;0
20274;Vallecas;65.0;52.0;1;1.0;7;275000;0;0
20273;Vallecas;70.0;61.0;1;1.0;0;210000;0;0
20272;Vallecas;60.0;50.0;2;1.0;1;102000;1;0
20269;Vallecas;95.0;70.0;2;2.0;2;275000;0;0
20268;Vallecas;54.0;45.0;1;1.0;2;154000;0;0
20244;Vallecas;130.0;80.0;3;2.0;4;288000;0;0
20243;Vallecas;60.0;50.0;2;1.0;3;114000;1;0
20240;Vallecas;104.0;81.0;3;2.0;7;320000;0;0
20238;Vallecas;72.0;60.0;3;1.0;3;141000;0;0
20237;Vallecas;60.0;50.0;2;1.0;0;80250;1;0
20236;Vallecas;54.0;48.0;2;1.0;1;130000;0;0
20232;Vallecas;60.0;50.0;0;1.0;2;115000;0;0
20228;Vallecas;82.0;75.0;2;1.0;1;252000;0;0
20227;Vallecas;106.0;98.0;3;2.0;0;200000;0;0
20224;Vallecas;65.0;59.0;3;1.0;3;140000;0;0
20223;Vallecas;90.0;80.0;3;1.0;4;210000;0;0
20222;Vallecas;110.0;105.0;4;2.0;3;169900;0;0
20217;Santa Eugenia;72.0;70.0;2;1.0;0;105000;1;0
20216;Santa Eugenia;93.0;83.0;3;2.0;0;185000;0;0
20215;Vallecas;60.0;55.0;0;1.0;3;99999;0;0
20212;Vallecas;52.0;45.0;1;1.0;6;230000;0;0
20208;Vallecas;65.0;55.0;1;1.0;8;182000;0;0
20207;Vallecas;62.0;45.0;1;1.0;3;250000;0;0
20205;Vallecas;53.0;48.0;2;1.0;2;175000;0;0
20201;Vallecas;69.0;58.0;2;1.0;1;175000;0;0
20199;Vallecas;75.0;72.0;3;1.0;3;128000;0;0
20195;Vallecas;48.0;46.0;1;1.0;0;99000;0;0
20193;Vallecas;52.0;49.0;1;1.0;4;153200;0;0
20192;Vallecas;77.0;72.0;3;1.0;3;155000;0;0
20189;Vallecas;56.0;46.0;1;1.0;4;175000;0;0
20188;Vallecas;80.0;75.0;2;2.0;3;291000;0;0
20187;Vallecas;75.0;70.0;1;1.0;7;170000;0;0
20186;Vallecas;120.0;92.0;3;2.0;6;380000;0;0
20184;Vallecas;90.0;85.0;2;2.0;3;170000;0;0
20183;Vallecas;90.0;68.0;2;1.0;1;180000;0;0
20182;Vallecas;56.0;42.0;1;1.0;6;190000;0;0
20180;Vallecas;33.0;32.0;1;1.0;1;130000;0;0
20178;Vallecas;70.0;56.0;1;1.0;5;184000;0;0
20171;Vallecas;69.0;60.0;2;1.0;3;170000;0;0
20169;Vallecas;85.0;80.0;2;1.0;3;240000;0;0
20168;Santa Eugenia;95.0;93.0;3;1.0;1;220000;0;0
20167;Vallecas;70.0;60.0;1;1.0;4;190000;0;0
20166;Vallecas;55.0;50.0;1;1.0;1;152500;0;0
20163;Vallecas;92.0;65.0;2;2.0;5;290000;0;0
20157;Vallecas;60.0;47.0;2;1.0;2;110000;0;0
20156;Vallecas;85.0;75.0;3;2.0;2;154000;0;0
20155;Vallecas;56.0;43.0;3;1.0;0;100397;0;0
20153;Vallecas;94.0;82.0;2;2.0;7;345000;0;0
20152;Vallecas;50.0;40.0;1;1.0;4;180000;0;0
20151;Vallecas;70.0;60.0;2;2.0;1;225000;0;0
20145;Vallecas;70.0;65.0;3;1.0;3;135000;0;0
20143;Vallecas;70.0;56.0;1;1.0;4;129900;0;0
20141;Vallecas;85.0;76.0;2;2.0;5;340000;0;0
20139;Santa Eugenia;72.0;63.0;2;1.0;0;105000;1;0
20138;Vallecas;45.0;35.0;1;1.0;1;131000;0;0
20137;Vallecas;45.0;41.0;1;1.0;1;135000;0;0
20136;Vallecas;62.0;55.0;1;1.0;5;240000;0;0
20133;Vallecas;57.0;55.0;3;1.0;4;103000;0;0
20132;Vallecas;39.0;32.0;1;1.0;2;130000;0;0
20127;Vallecas;58.0;52.0;3;1.0;1;125000;1;0
20125;Santa Eugenia;115.0;95.0;4;2.0;5;186000;1;0
20120;Vallecas;54.0;44.0;1;1.0;2;156000;0;0
20119;Vallecas;80.0;70.0;2;2.0;7;273000;0;0
20118;Vallecas;61.0;42.0;1;1.0;1;195000;0;0
20117;Vallecas;66.0;46.0;2;1.0;4;213000;0;0
20113;Vallecas;100.0;85.0;2;2.0;1;300000;0;0
20112;Vallecas;106.0;79.0;2;2.0;6;265000;0;0
20111;Vallecas;65.0;60.0;2;1.0;2;149000;0;0
20110;Vallecas;53.0;52.0;1;1.0;2;220000;0;0
20109;Vallecas;70.0;50.0;1;1.0;1;149000;0;0
20107;Vallecas;85.0;80.0;2;1.0;2;190000;0;0
20106;Vallecas;50.0;45.0;1;1.0;3;160000;0;0
20103;Vallecas;70.0;64.0;3;1.0;1;130000;0;0
20098;Vallecas;85.0;75.0;3;2.0;1;294000;0;0
20096;Vallecas;80.0;70.0;2;1.0;0;220000;0;0
20091;Vallecas;60.0;55.0;1;1.0;0;130000;0;0
20088;Vallecas;60.0;45.0;1;1.0;4;135000;0;0
20087;Vallecas;60.0;50.0;2;1.0;2;148500;0;0
20086;Vallecas;110.0;89.0;3;2.0;7;359000;0;0
20080;Vallecas;106.0;95.0;4;2.0;4;180000;1;0
20079;Vallecas;88.0;79.0;3;1.0;2;165000;0;0
20075;Vallecas;89.0;80.0;2;1.0;0;180000;0;0
20073;Vallecas;65.0;55.0;2;1.0;1;176990;0;0
20072;Vallecas;55.0;45.0;1;1.0;5;255000;0;0
20070;Vallecas;57.0;52.0;2;1.0;3;112000;0;0
20069;Vallecas;59.0;57.0;3;1.0;2;98000;0;0
20065;Vallecas;70.0;60.0;2;2.0;1;249000;0;0
20063;Vallecas;52.0;48.0;1;1.0;0;105000;0;0
20059;Vallecas;70.0;60.0;1;2.0;0;135000;0;0
20044;Vallecas;39.0;31.0;1;1.0;2;130000;0;0
20042;Vallecas;95.0;60.0;2;2.0;4;245000;0;0
20038;Vallecas;39.0;33.0;1;1.0;3;163000;0;0
20037;Vallecas;41.0;33.0;1;1.0;5;162000;0;0
20036;Vallecas;120.0;90.0;3;2.0;3;345000;0;0
20031;Santa Eugenia;153.0;135.0;4;2.0;2;339000;0;0
20030;Vallecas;105.0;86.0;3;2.0;7;330000;0;0
20024;Vallecas;80.0;64.0;2;2.0;1;255000;0;0
20020;Vallecas;90.0;57.0;2;2.0;1;230000;0;0
20017;Vallecas;70.0;55.0;2;1.0;6;179900;0;0
20016;Vallecas;118.0;95.0;4;2.0;5;305000;0;0
20014;Vallecas;77.0;62.0;2;1.0;1;239900;0;0
20013;Vallecas;189.0;151.0;4;2.0;0;367000;0;0
20012;Vallecas;80.0;55.0;2;2.0;6;279000;0;0
20008;Vallecas;80.0;55.0;2;2.0;6;279000;0;0
20007;Vallecas;107.0;86.0;3;2.0;4;290000;0;0
20004;Santa Eugenia;90.0;85.0;3;2.0;1;225000;0;0
20003;Santa Eugenia;71.0;68.0;3;1.0;4;109500;1;0
20001;Santa Eugenia;85.0;77.0;2;2.0;2;179900;0;0
20000;Vallecas;95.0;66.0;2;2.0;6;236500;0;0
19995;Vallecas;132.0;97.0;3;2.0;2;350900;0;1
19994;Vallecas;132.0;97.0;3;2.0;4;357800;0;1
19993;Vallecas;132.0;97.0;3;2.0;1;345900;0;1
19992;Vallecas;132.0;95.0;3;2.0;4;360800;0;1
19991;Vallecas;132.0;97.0;3;2.0;4;362100;0;1
19990;Vallecas;132.0;97.0;3;2.0;3;352800;0;1
19989;Vallecas;132.0;97.0;3;2.0;2;347800;0;1
19988;Vallecas;135.0;98.0;3;2.0;1;352000;0;1
19987;Vallecas;126.0;82.0;3;2.0;0;479200;0;1
19986;Vallecas;76.0;48.0;1;1.0;7;199000;0;0
19985;Santa Eugenia;70.0;62.0;2;1.0;0;164900;0;0
19982;Vallecas;51.0;50.0;1;1.0;7;160000;0;0
19980;Vallecas;93.0;70.0;2;2.0;3;229000;0;0
19979;Vallecas;78.0;70.0;3;1.0;1;127000;1;0
19978;Vallecas;75.0;70.0;2;2.0;1;259000;0;0
19977;Vallecas;76.0;64.0;3;1.0;4;111600;1;0
19976;Vallecas;130.0;70.0;2;2.0;0;190000;0;0
19967;Vallecas;50.0;40.0;1;1.0;4;167000;0;0
19965;Vallecas;120.0;74.0;2;2.0;8;310000;0;0
19964;Vallecas;58.0;48.0;1;1.0;0;156000;0;0
19963;Vallecas;65.0;54.0;2;1.0;0;155000;0;0
19954;Vallecas;49.0;40.0;0;1.0;4;80000;1;0
19946;Vallecas;100.0;97.0;3;2.0;8;300000;0;0
19942;Vallecas;83.0;58.0;2;2.0;4;272000;0;0
19939;Vallecas;96.0;77.0;3;2.0;4;258000;0;0
19935;Vallecas;66.0;52.0;2;1.0;1;124700;0;0
19932;Vallecas;94.0;74.0;3;2.0;1;210000;0;0
19925;Vallecas;98.0;78.0;3;2.0;0;222100;0;0
19924;Vallecas;62.0;60.0;0;1.0;2;105000;0;0
19923;Vallecas;123.0;76.0;2;2.0;3;199000;0;0
19922;Vallecas;200.0;150.0;4;2.0;0;420000;0;0
19921;Santa Eugenia;40.0;25.0;0;1.0;0;54000;0;0
19920;Vallecas;80.0;64.0;3;1.0;3;128500;0;0
19919;Vallecas;92.0;63.0;2;2.0;2;235000;0;0
19917;Vallecas;51.0;49.0;2;1.0;0;108500;0;0
19916;Vallecas;52.0;48.0;1;1.0;0;89000;0;0
19914;Vallecas;50.0;43.0;2;1.0;0;110000;0;0
19909;Santa Eugenia;89.0;80.0;3;2.0;3;245000;0;0
19907;Vallecas;134.0;80.0;3;2.0;1;339900;0;0
19905;Orcasitas;123.0;110.0;2;2.0;6;209000;0;0
19904;Usera;76.0;62.0;2;1.0;6;183000;0;0
19903;Usera;150.0;120.0;3;2.0;0;270000;0;0
19902;Usera;83.0;67.0;2;2.0;3;259000;0;0
19899;San Fermin;89.0;83.0;2;2.0;3;248000;0;0
19897;Pradolongo;69.0;65.0;3;1.0;1;180000;0;0
19895;San Fermin;100.0;91.0;3;2.0;5;305000;0;0
19894;Almendrales;61.0;50.0;3;1.0;2;117260;1;0
19893;San Fermin;89.0;74.0;2;2.0;6;235000;0;0
19890;Moscardo;61.0;60.0;2;1.0;0;140000;0;0
19888;Almendrales;92.0;74.0;3;2.0;1;179900;0;0
19887;Almendrales;80.0;76.0;3;1.0;1;128500;0;0
19884;Almendrales;92.0;91.0;3;2.0;2;230000;0;0
19882;Usera;90.0;80.0;3;2.0;5;229000;0;0
19881;Pradolongo;31.0;27.0;1;1.0;1;72000;0;0
19880;Zofio;119.0;85.0;3;2.0;1;245000;0;0
19879;Usera;65.0;55.0;3;1.0;2;110000;1;0
19878;Usera;90.0;75.0;3;2.0;0;149000;1;0
19877;Orcasitas;110.0;93.0;3;2.0;2;150000;0;0
19876;Pradolongo;54.0;50.0;2;1.0;3;113900;1;0
19875;Moscardo;143.0;137.0;3;2.0;2;359000;0;0
19874;San Fermin;158.0;89.0;3;2.0;6;220000;0;0
19872;San Fermin;108.0;91.0;3;2.0;1;239000;0;0
19871;San Fermin;120.0;110.0;3;2.0;1;242000;0;0
19868;Almendrales;73.0;68.0;2;1.0;3;260000;0;0
19867;Almendrales;62.0;54.0;3;1.0;3;130000;1;0
19866;San Fermin;220.0;190.0;3;2.0;1;440000;0;0
19862;Usera;132.0;92.0;3;2.0;2;218000;0;0
19861;Almendrales;70.0;55.0;2;1.0;2;127260;1;0
19859;Usera;89.0;75.0;3;2.0;2;138000;0;0
19858;Almendrales;80.0;76.0;3;1.0;1;128000;0;0
19851;Usera;121.0;90.0;3;2.0;4;278000;0;0
19848;Usera;81.0;65.0;2;1.0;0;135000;0;0
19846;Zofio;68.0;64.0;3;1.0;1;93000;0;0
19844;Almendrales;48.0;45.0;1;1.0;2;240000;0;0
19841;Orcasitas;81.0;79.0;3;2.0;0;189000;0;0
19840;Zofio;172.0;150.0;4;2.0;3;275000;0;0
19836;Orcasur;111.0;89.0;3;2.0;0;180000;0;0
19834;Almendrales;92.0;82.0;3;2.0;4;149900;0;0
19832;Almendrales;74.0;65.0;2;1.0;2;149900;0;0
19831;Pradolongo;87.0;81.0;2;1.0;2;199000;0;0
19830;Almendrales;73.0;68.0;2;1.0;3;260000;0;0
19824;Zofio;80.0;75.0;3;1.0;1;173000;0;0
19823;Zofio;350.0;330.0;6;6.0;0;790000;0;0
19822;Pradolongo;120.0;100.0;4;2.0;1;195000;0;0
19820;Moscardo;66.0;60.0;2;1.0;2;164900;0;0
19810;Almendrales;65.0;55.0;3;1.0;3;126000;0;0
19809;Orcasur;127.0;89.0;3;2.0;4;295000;0;0
19804;San Fermin;144.0;101.0;4;2.0;1;265000;0;0
19803;Pradolongo;83.0;63.0;2;1.0;2;148500;0;0
19802;Moscardo;62.0;54.0;2;1.0;0;134900;0;0
19801;Pradolongo;65.0;60.0;3;1.0;1;131000;0;0
19800;Almendrales;60.0;57.0;2;1.0;2;127000;0;0
19798;Moscardo;72.0;67.0;3;1.0;1;139000;0;0
19795;Usera;78.0;73.0;3;1.0;3;156000;0;0
19793;Orcasitas;81.0;70.0;3;2.0;0;240000;0;0
19792;Almendrales;79.0;60.0;2;2.0;2;295000;0;0
19790;Orcasur;114.0;110.0;3;3.0;2;190000;0;0
19788;Moscardo;65.0;55.0;2;1.0;4;133000;0;0
19787;Moscardo;118.0;100.0;4;2.0;6;370000;0;0
19786;Zofio;172.0;150.0;4;2.0;3;275000;0;0
19785;San Fermin;95.0;75.0;2;2.0;7;235000;0;0
19784;Orcasur;100.0;85.0;3;2.0;3;155000;0;0
19781;Moscardo;100.0;76.0;2;1.0;2;140000;1;0
19776;Usera;60.0;57.0;3;1.0;1;81000;1;0
19775;Moscardo;58.0;53.0;2;1.0;2;149900;0;0
19773;Almendrales;80.0;75.0;3;1.0;2;155000;1;0
19772;Moscardo;80.0;72.0;3;1.0;4;150000;0;0
19769;Almendrales;234.0;160.0;4;2.0;0;750000;0;0
19768;Usera;132.0;92.0;4;2.0;4;429000;0;0
19767;Pradolongo;172.0;171.0;4;3.0;3;450000;0;0
19764;Almendrales;52.0;49.0;2;1.0;1;115000;0;0
19763;Almendrales;80.0;76.0;3;1.0;0;128000;0;0
19761;Orcasitas;130.0;81.0;3;2.0;6;270000;0;0
19760;San Fermin;108.0;88.0;3;2.0;1;239000;0;0
19759;Pradolongo;126.0;110.0;3;2.0;1;179000;0;0
19758;San Fermin;120.0;100.0;3;2.0;1;242000;0;0
19757;San Fermin;88.0;63.0;2;2.0;8;230000;0;0
19756;Usera;80.0;30.0;1;1.0;3;116000;0;0
19755;Moscardo;73.0;65.0;3;1.0;3;130000;1;0
19753;San Fermin;65.0;55.0;3;1.0;1;128000;0;0
19752;Usera;80.0;64.0;3;1.0;0;155000;0;0
19751;Almendrales;75.0;65.0;3;1.0;7;180000;0;0
19749;Orcasitas;140.0;130.0;3;2.0;2;180000;0;0
19748;Almendrales;60.0;57.0;3;1.0;3;197000;0;0
19747;Usera;59.0;56.0;2;1.0;2;142000;0;0
19746;Pradolongo;57.0;53.0;2;1.0;3;110000;1;0
19745;Usera;85.0;60.0;2;1.0;1;150000;0;0
19744;San Fermin;126.0;81.0;2;2.0;1;204000;0;0
19742;Moscardo;56.0;46.0;2;1.0;0;128800;0;0
19741;Orcasitas;118.0;93.0;4;2.0;8;165000;1;0
19739;Moscardo;96.0;92.0;3;2.0;2;220000;0;0
19738;Pradolongo;120.0;110.0;3;2.0;1;164900;0;0
19736;Orcasur;90.0;80.0;4;1.0;2;150000;0;0
19733;Almendrales;65.0;60.0;2;1.0;1;109000;0;0
19731;Orcasitas;98.0;85.0;3;2.0;2;166763;0;0
19729;Orcasur;88.0;77.0;2;1.0;6;229000;0;0
19728;Orcasitas;95.0;77.0;3;2.0;0;220000;0;0
19727;San Fermin;180.0;160.0;3;2.0;0;260000;0;0
19725;Usera;67.0;58.0;3;1.0;3;139000;0;0
19724;Moscardo;70.0;66.0;3;1.0;4;133000;0;0
19723;Pradolongo;55.0;51.0;2;1.0;2;129000;0;0
19720;Almendrales;52.0;47.0;3;1.0;3;110000;0;0
19719;Moscardo;50.0;43.0;1;1.0;1;138000;0;0
19716;Almendrales;50.0;42.0;1;1.0;1;138000;1;0
19714;Pradolongo;59.0;58.0;1;1.0;1;193000;0;0
19713;Pradolongo;78.0;75.0;2;1.0;1;220000;0;0
19712;Pradolongo;87.0;83.0;3;1.0;2;220000;0;0
19711;Orcasur;127.0;102.0;4;2.0;2;165000;0;0
19710;Almendrales;70.0;62.0;3;1.0;3;139000;0;0
19708;Pradolongo;60.0;55.0;2;1.0;3;98000;1;0
19705;Moscardo;99.0;92.0;3;1.0;4;200000;0;0
19704;Zofio;56.0;54.0;2;1.0;0;93000;0;0
19703;Orcasitas;150.0;110.0;3;2.0;1;260000;0;0
19701;Pradolongo;70.0;65.0;3;1.0;3;110000;1;0
19700;Moscardo;90.0;78.0;3;2.0;7;280000;0;0
19699;Orcasitas;120.0;80.0;3;2.0;3;245000;0;0
19698;Almendrales;51.0;48.0;2;1.0;2;240000;0;0
19697;Zofio;75.0;74.0;2;1.0;0;138000;0;0
19696;Orcasur;114.0;112.0;3;2.0;6;190000;0;0
19691;Orcasur;126.0;100.0;3;2.0;1;350000;0;0
19688;Usera;123.0;74.0;2;1.0;1;186000;0;0
19685;Zofio;97.0;92.0;3;1.0;2;159000;0;0
19682;San Fermin;68.0;64.0;3;1.0;4;115000;0;0
19678;Orcasur;95.0;90.0;3;2.0;6;390000;0;0
19676;Almendrales;73.0;68.0;2;1.0;2;260000;0;0
19675;Orcasitas;127.0;95.0;4;2.0;5;324000;0;0
19674;Orcasitas;127.0;92.0;4;2.0;5;324000;0;0
19673;San Fermin;105.0;90.0;3;2.0;2;249999;0;0
19669;San Fermin;128.0;107.0;4;2.0;3;275000;0;0
19668;Moscardo;110.0;90.0;3;1.0;1;290000;0;0
19667;Moscardo;91.0;83.0;4;1.0;2;225000;0;0
19664;Moscardo;118.0;100.0;4;2.0;1;355000;0;0
19663;Almendrales;100.0;82.0;4;1.0;1;93000;1;0
19662;Almendrales;45.0;38.0;0;1.0;1;135000;0;0
19661;Moscardo;70.0;55.0;2;1.0;1;165000;0;0
19660;Almendrales;76.0;60.0;2;1.0;1;169000;0;0
19659;Usera;80.0;75.0;2;2.0;0;140000;0;0
19657;San Fermin;70.0;65.0;2;1.0;1;105000;0;0
19656;Almendrales;45.0;40.0;2;1.0;0;115000;0;0
19653;Pradolongo;105.0;100.0;3;1.0;3;240000;0;0
19652;Usera;69.0;65.0;3;1.0;1;197000;0;0
19649;Usera;70.0;65.0;3;1.0;3;115000;0;0
19648;Pradolongo;57.0;54.0;3;1.0;4;127000;0;0
19643;Almendrales;95.0;90.0;2;1.0;2;385000;0;0
19642;Zofio;85.0;78.0;4;1.0;3;184950;0;0
19641;Pradolongo;53.0;45.0;3;1.0;1;110000;1;0
19639;San Fermin;137.0;85.0;3;2.0;3;245000;0;0
19638;Almendrales;56.0;52.0;2;1.0;2;145000;0;0
19636;San Fermin;146.0;90.0;3;2.0;2;250000;0;0
19631;Moscardo;87.0;70.0;3;1.0;2;300000;0;0
19630;Pradolongo;140.0;116.0;5;2.0;2;307000;0;0
19628;Almendrales;102.0;92.0;3;2.0;5;355000;0;0
19627;Almendrales;55.0;52.0;2;1.0;4;114500;1;0
19624;Usera;110.0;95.0;3;2.0;1;255000;0;0
19623;Almendrales;41.0;37.0;3;1.0;1;105000;1;0
19622;Almendrales;84.0;70.0;2;2.0;2;290000;0;0
19621;Almendrales;68.0;58.0;2;1.0;1;199000;0;0
19620;Almendrales;70.0;68.0;2;1.0;3;121500;1;0
19619;San Fermin;90.0;81.0;2;1.0;9;169000;0;0
19617;Usera;100.0;85.0;3;2.0;4;149900;0;0
19615;Orcasitas;85.0;80.0;2;2.0;1;188999;0;0
19613;Orcasitas;50.0;42.0;0;1.0;0;128250;0;0
19609;Almendrales;120.0;100.0;4;2.0;1;190000;1;0
19608;Moscardo;60.0;50.0;1;1.0;2;180000;0;0
19607;San Fermin;67.0;59.0;1;1.0;2;220000;0;0
19605;Orcasitas;87.0;68.0;2;2.0;5;208000;0;0
19603;Pradolongo;61.0;54.0;2;1.0;0;128000;0;0
19599;Usera;62.0;55.0;3;1.0;3;125000;0;0
19598;Usera;49.0;46.0;2;1.0;0;105000;1;0
19587;Usera;127.0;119.0;4;2.0;3;159000;0;0
19586;Orcasur;110.0;83.0;2;2.0;2;275000;0;0
19584;Usera;68.0;65.0;3;1.0;5;150000;0;0
19583;Almendrales;100.0;99.0;3;2.0;1;190000;1;0
19580;Moscardo;78.0;73.0;3;1.0;2;164000;0;0
19579;San Fermin;100.0;85.0;3;2.0;8;360000;0;0
19578;Almendrales;62.0;52.0;3;1.0;1;130200;0;0
19577;Orcasitas;85.0;60.0;2;1.0;0;110000;0;0
19576;San Fermin;92.0;69.0;2;2.0;5;245000;0;0
19574;Pradolongo;35.0;30.0;2;1.0;1;130000;0;0
19570;Moscardo;80.0;70.0;3;1.0;3;143000;0;0
19568;Moscardo;62.0;50.0;1;1.0;1;157000;0;0
19564;Almendrales;60.0;52.0;2;1.0;4;110000;0;0
19563;Orcasur;95.0;92.0;3;1.0;7;230000;0;0
19561;San Fermin;105.0;85.0;3;2.0;2;280000;0;0
19560;Zofio;64.0;52.0;2;1.0;1;210000;0;0
19557;Usera;94.0;90.0;3;1.0;1;180000;0;0
19555;Moscardo;85.0;78.0;3;2.0;0;139900;0;0
19554;Orcasitas;140.0;120.0;3;2.0;2;180000;0;0
19553;Usera;70.0;67.0;3;1.0;3;165000;0;0
19552;Pradolongo;125.0;96.0;3;2.0;2;165000;0;0
19550;Zofio;68.0;59.0;3;1.0;2;146000;0;0
19548;San Fermin;120.0;110.0;3;2.0;9;270000;0;0
19547;Usera;141.0;95.0;3;2.0;3;250000;0;0
19545;Moscardo;69.0;63.0;3;1.0;3;146000;0;0
19539;Usera;112.0;90.0;3;2.0;7;175000;0;0
19537;Zofio;80.0;67.0;3;1.0;2;132000;0;0
19535;Pradolongo;43.0;41.0;2;1.0;1;130000;0;0
19528;San Fermin;80.0;75.0;3;1.0;1;129000;0;0
19527;San Fermin;80.0;75.0;3;1.0;1;129000;1;0
19526;Orcasitas;122.0;100.0;4;2.0;6;320000;0;0
19524;San Fermin;95.0;85.0;3;1.0;3;190000;0;0
19523;Orcasur;120.0;110.0;3;2.0;1;148000;0;0
19522;Moscardo;120.0;95.0;3;2.0;1;355000;0;0
19519;Almendrales;80.0;70.0;3;1.0;3;175000;0;0
19518;San Fermin;120.0;110.0;3;1.0;0;270000;0;0
19515;Zofio;160.0;130.0;4;3.0;1;270000;0;0
19512;Usera;98.0;90.0;3;2.0;2;275000;0;0
19507;Zofio;63.0;50.0;3;1.0;1;125000;0;0
19504;Usera;118.0;100.0;3;2.0;3;165000;0;0
19501;Usera;116.0;93.0;3;2.0;8;160000;1;0
19500;Orcasitas;120.0;98.0;3;2.0;6;260000;0;0
19498;San Fermin;100.0;90.0;3;2.0;2;275000;0;0
19497;Usera;90.0;66.0;1;1.0;7;270000;0;0
19494;Usera;100.0;90.0;3;2.0;0;220000;0;0
19493;Moscardo;88.0;85.0;4;1.0;2;225000;1;0
19492;Moscardo;94.0;88.0;2;2.0;3;225000;0;0
19491;Almendrales;186.0;150.0;4;3.0;0;755000;0;0
19489;Usera;67.0;60.0;3;1.0;3;200000;0;0
19487;Moscardo;77.0;67.0;3;1.0;2;138000;0;0
19486;Moscardo;70.0;54.0;2;1.0;4;114000;1;0
19485;Pradolongo;65.0;60.0;3;1.0;3;147000;0;0
19482;Zofio;85.0;78.0;3;1.0;1;127000;1;0
19479;Orcasur;100.0;85.0;3;2.0;2;182000;0;0
19477;Zofio;67.0;58.0;3;1.0;0;125000;0;0
19476;Moscardo;70.0;65.0;2;;4;114000;1;0
19475;Pradolongo;180.0;170.0;4;3.0;0;300000;0;0
19472;Usera;110.0;95.0;3;2.0;1;255000;0;0
19471;Usera;82.0;79.0;3;1.0;3;138000;0;0
19470;Usera;114.0;99.0;3;2.0;0;189000;0;0
19469;Almendrales;170.0;150.0;4;2.0;6;589999;0;0
19464;Usera;95.0;72.0;3;2.0;5;228000;0;0
19463;Pradolongo;90.0;84.0;2;1.0;2;165000;0;0
19461;San Fermin;78.0;68.0;3;1.0;1;135000;0;0
19459;San Fermin;60.0;52.0;0;1.0;0;113000;0;0
19458;Usera;124.0;112.0;3;2.0;1;159000;1;0
19456;Almendrales;118.0;83.0;3;2.0;5;519000;0;0
19454;Orcasitas;109.0;80.0;3;2.0;7;113000;0;0
19453;Moscardo;196.0;186.0;3;2.0;3;320000;0;0
19452;Almendrales;85.0;70.0;3;1.0;1;128000;0;0
19447;Moscardo;52.0;43.0;2;1.0;0;107000;1;0
19445;San Fermin;88.0;70.0;2;2.0;3;250000;0;0
19444;Usera;109.0;92.0;3;2.0;1;215000;0;0
19441;San Fermin;70.0;58.0;2;1.0;7;250000;0;0
19439;Zofio;82.0;76.0;3;1.0;0;165000;0;0
19436;San Fermin;126.0;100.0;3;2.0;1;260000;0;0
19435;Zofio;80.0;78.0;3;1.0;2;195000;0;0
19434;Zofio;80.0;78.0;3;1.0;2;195000;0;0
19433;Zofio;98.0;90.0;3;2.0;5;170000;0;0
19431;Almendrales;98.0;85.0;3;1.0;1;142000;0;0
19428;Moscardo;25.0;21.0;0;1.0;4;97000;0;0
19427;Orcasitas;116.0;93.0;3;2.0;8;160000;0;0
19426;Zofio;45.0;29.0;0;1.0;1;130000;0;0
19423;Moscardo;144.0;110.0;3;2.0;3;350000;0;0
19422;San Fermin;90.0;82.0;3;1.0;0;170000;0;0
19418;Almendrales;67.0;57.0;3;1.0;3;138900;0;0
19416;Zofio;78.0;70.0;3;1.0;0;130000;0;0
19415;Orcasitas;50.0;42.0;0;1.0;0;99900;0;0
19414;Almendrales;63.0;55.0;3;1.0;3;139000;1;0
19412;Usera;70.0;54.0;2;1.0;7;270750;0;0
19411;Almendrales;98.0;91.0;3;1.0;1;142000;1;0
19407;San Fermin;110.0;90.0;3;2.0;0;179000;0;0
19402;Usera;98.0;91.0;3;1.0;1;142000;0;0
19397;Orcasitas;154.0;90.0;4;2.0;5;225000;0;0
19396;Moscardo;87.0;82.0;3;1.0;4;189890;0;0
19394;Pradolongo;60.0;53.0;3;1.0;3;145000;0;0
19393;Zofio;90.0;85.0;4;1.0;3;163000;0;0
19391;Pradolongo;65.0;60.0;2;1.0;3;121500;0;0
19390;Orcasitas;47.0;43.0;1;1.0;0;93000;0;0
19387;Orcasitas;118.0;93.0;4;2.0;9;165000;1;0
19385;Almendrales;96.0;91.0;4;1.0;2;220000;0;0
19384;Almendrales;74.0;65.0;3;1.0;3;125000;0;0
19377;Almendrales;91.0;85.0;3;1.0;1;142000;1;0
19376;San Fermin;120.0;100.0;3;2.0;7;275000;0;0
19373;Orcasur;98.0;90.0;3;1.0;1;135000;0;0
19369;San Fermin;68.0;65.0;3;1.0;2;129900;0;0
19366;Usera;78.0;56.0;2;1.0;4;169890;0;0
19365;Orcasur;102.0;92.0;3;2.0;6;360000;0;0
19364;San Fermin;152.0;138.0;2;2.0;0;260000;0;0
19363;Almendrales;72.0;68.0;3;1.0;1;128000;0;0
19362;Almendrales;84.0;80.0;3;1.0;4;159900;0;0
19361;San Fermin;76.0;71.0;3;1.0;2;185000;1;0
19360;Almendrales;44.0;38.0;1;1.0;1;149000;0;0
19359;San Fermin;180.0;160.0;3;2.0;0;266000;0;0
19357;Pradolongo;124.0;93.0;3;2.0;1;170000;0;0
19356;Zofio;103.0;84.0;3;1.0;2;250000;0;0
19350;Pradolongo;81.0;75.0;3;1.0;2;185000;0;0
19347;Usera;128.0;100.0;5;1.0;0;131000;0;0
19344;Orcasitas;112.0;96.0;3;2.0;6;135000;1;0
19341;Moscardo;93.0;86.0;3;1.0;2;135000;1;0
19339;Moscardo;120.0;115.0;2;2.0;0;185000;0;0
19332;Usera;60.0;55.0;2;1.0;0;112000;0;0
19325;Moscardo;90.0;40.0;1;1.0;5;134000;0;0
19319;Usera;85.0;70.0;2;1.0;6;229900;0;0
19317;Orcasitas;81.0;79.0;3;2.0;0;189000;1;0
19314;Usera;161.0;140.0;4;3.0;1;280000;0;0
19313;Moscardo;96.0;92.0;3;2.0;2;220000;0;0
19312;Usera;51.0;49.0;2;1.0;1;36000;0;0
19308;Usera;97.0;81.0;3;2.0;2;120000;0;0
19307;Usera;114.0;100.0;4;2.0;6;150000;1;0
19306;Usera;108.0;93.0;3;2.0;1;149000;1;0
19305;Usera;79.0;75.0;3;1.0;2;150000;1;0
19304;Usera;55.0;51.0;2;1.0;3;128000;0;0
19303;Usera;132.0;72.0;3;2.0;6;235000;0;0
19302;Usera;95.0;85.0;3;2.0;6;145000;1;0
19301;Usera;55.0;44.0;1;1.0;1;124000;0;0
19300;Orcasur;95.0;71.0;2;2.0;1;255000;0;0
19296;Moscardo;107.0;96.0;3;1.0;2;229500;0;0
19295;Usera;82.0;74.0;2;2.0;1;155000;0;0
19293;Usera;64.0;58.0;2;1.0;1;130000;0;0
19292;Usera;93.0;88.0;3;2.0;3;157000;0;0
19291;Usera;78.0;67.0;2;1.0;1;121000;0;0
19286;Zofio;119.0;85.0;3;2.0;1;245000;0;0
19284;Usera;61.0;55.0;3;1.0;9;126000;1;0
19283;Pradolongo;117.0;109.0;3;2.0;3;186000;0;0
19277;Orcasur;126.0;91.0;3;2.0;2;230000;0;0
19276;Usera;136.0;120.0;2;2.0;7;269900;0;0
19272;Orcasitas;144.0;75.0;2;2.0;7;300000;0;0
19271;San Fermin;80.0;74.0;3;1.0;1;130000;0;0
19269;Almendrales;31.0;27.0;1;1.0;1;72000;0;0
19268;Usera;65.0;61.0;3;1.0;0;157000;1;0
19267;Moscardo;75.0;60.0;2;1.0;2;189990;0;0
19265;San Fermin;85.0;70.0;3;1.0;1;130000;0;0
19261;Usera;95.0;88.0;2;1.0;6;229000;0;0
19259;Almendrales;70.0;56.0;3;1.0;4;107260;1;0
19258;Moscardo;64.0;61.0;3;1.0;2;157000;0;0
19257;Orcasur;109.0;96.0;3;2.0;7;147000;0;0
19256;Pradolongo;116.0;93.0;3;2.0;1;149000;0;0
19254;Pradolongo;66.0;62.0;2;1.0;3;132000;0;0
19253;Pradolongo;56.0;53.0;2;1.0;4;152000;0;0
19252;Almendrales;126.0;104.0;3;2.0;4;393000;0;0
19250;San Fermin;180.0;160.0;3;2.0;0;260000;0;0
